machine,label,mode,count,rate,rate_low,rate_high,mean_ms,p50_ms,p95_ms
desktop-i9-9900k-rtx4070-super-2026-09-29,i9-9900K / RTX 4070 SUPER,physics-cpu,100,6414.556767491026,6305.468417485064,6466.614754120446,0.15589541666666668,0.1537,0.1762
desktop-i9-9900k-rtx4070-super-2026-09-29,i9-9900K / RTX 4070 SUPER,physics-cpu,1000,1297.9343375018657,1288.9297049962138,1337.9447830188046,0.770455,0.7612,0.8147
desktop-i9-9900k-rtx4070-super-2026-09-29,i9-9900K / RTX 4070 SUPER,physics-cpu,5000,311.41329734779674,306.87327080108497,315.59467702238,3.2111666666666667,3.1659,3.6825
desktop-i9-9900k-rtx4070-super-2026-09-29,i9-9900K / RTX 4070 SUPER,physics-cpu,10000,130.0813078634855,128.29265093189375,133.26552339284694,7.6874995833333335,7.6143,8.5184
desktop-i9-9900k-rtx4070-super-2026-09-29,i9-9900K / RTX 4070 SUPER,physics-cpu,25000,44.49245922335632,44.2800375848959,45.161428963311494,22.47571875,22.299,24.2218
desktop-i9-9900k-rtx4070-super-2026-09-29,i9-9900K / RTX 4070 SUPER,physics-cpu,50000,20.03020855903831,19.765290795440787,20.066728393595433,49.9245925,49.7935,53.0346
desktop-i9-9900k-rtx4070-super-2026-09-29,i9-9900K / RTX 4070 SUPER,physics-cpu,100000,9.226442596972333,9.148715387703193,9.244855546050474,108.384135,108.0447,117.3836
desktop-i9-9900k-rtx4070-super-2026-09-29,i9-9900K / RTX 4070 SUPER,physics-cpu,150000,5.732962313211309,5.727315917092224,5.770186026301551,174.4298925,172.595,186.107
desktop-i9-9900k-rtx4070-super-2026-09-29,i9-9900K / RTX 4070 SUPER,physics-cpu,200000,4.197354413809008,4.180268906073877,4.219013245825889,238.24530916666666,236.5308,255.8073
desktop-i9-9900k-rtx4070-super-2026-09-29,i9-9900K / RTX 4070 SUPER,physics-gpu,100,937.3692809244961,910.5249859437706,949.3355442303342,1.0668154166666666,0.9949,1.4217
desktop-i9-9900k-rtx4070-super-2026-09-29,i9-9900K / RTX 4070 SUPER,physics-gpu,1000,272.41303809662287,269.48944887049674,272.8040608703154,3.67089625,3.5064,5.2626
desktop-i9-9900k-rtx4070-super-2026-09-29,i9-9900K / RTX 4070 SUPER,physics-gpu,5000,74.17430095357246,74.0380719190406,74.18431563052403,13.481758333333334,13.8436,15.7299
desktop-i9-9900k-rtx4070-super-2026-09-29,i9-9900K / RTX 4070 SUPER,physics-gpu,10000,38.58640815959763,38.58108789794222,38.76856561993262,25.91586125,26.5889,29.8508
desktop-i9-9900k-rtx4070-super-2026-09-29,i9-9900K / RTX 4070 SUPER,physics-gpu,25000,16.536078840551333,16.524636953037614,16.55648943813939,60.47382875,63.3893,65.7471
desktop-i9-9900k-rtx4070-super-2026-09-29,i9-9900K / RTX 4070 SUPER,physics-gpu,50000,7.823159487724261,7.75059314643467,7.837504931872439,127.82559291666666,135.7739,139.0312
desktop-i9-9900k-rtx4070-super-2026-09-29,i9-9900K / RTX 4070 SUPER,direct-cpu,100,3330.94713028548,2986.271284241551,3334.100694850113,0.3002149121214946,0.295766,0.329617
desktop-i9-9900k-rtx4070-super-2026-09-29,i9-9900K / RTX 4070 SUPER,direct-cpu,1000,1072.9867146068666,960.1597114721636,1076.3758189610764,0.9319779885311922,0.921021,1.0667579
desktop-i9-9900k-rtx4070-super-2026-09-29,i9-9900K / RTX 4070 SUPER,direct-cpu,5000,267.59405153211634,260.9133121308146,272.73519123719456,3.7370038469632467,3.704606,4.159483
desktop-i9-9900k-rtx4070-super-2026-09-29,i9-9900K / RTX 4070 SUPER,direct-cpu,10000,117.026630780481,114.94569579377756,117.24526127001249,8.545063575108847,8.540461,9.601955
desktop-i9-9900k-rtx4070-super-2026-09-29,i9-9900K / RTX 4070 SUPER,direct-cpu,25000,40.5239884908968,40.465914711600895,42.048568043778616,24.676741782824198,24.497007,27.074162
desktop-i9-9900k-rtx4070-super-2026-09-29,i9-9900K / RTX 4070 SUPER,direct-cpu,50000,18.733709034900073,18.50035201301009,18.9219038642256,53.379712375005084,53.328934,57.271744
desktop-i9-9900k-rtx4070-super-2026-09-29,i9-9900K / RTX 4070 SUPER,direct-gpu,100,928.062787607645,886.3973093388103,957.27267607688,1.0775133033593496,0.96444404,1.553501
desktop-i9-9900k-rtx4070-super-2026-09-29,i9-9900K / RTX 4070 SUPER,direct-gpu,1000,265.60949313358407,264.47121917648803,268.61647779047996,3.764925674162805,3.552522,5.339162
desktop-i9-9900k-rtx4070-super-2026-09-29,i9-9900K / RTX 4070 SUPER,direct-gpu,5000,73.1576611735931,72.87016763825974,73.42104762664113,13.669108388076227,13.886389,16.12064
desktop-i9-9900k-rtx4070-super-2026-09-29,i9-9900K / RTX 4070 SUPER,direct-gpu,10000,38.23867945660341,38.145298455584125,38.423150466382054,26.151530706882475,26.596624,30.081856
desktop-i9-9900k-rtx4070-super-2026-09-29,i9-9900K / RTX 4070 SUPER,direct-gpu,25000,16.374174863993613,16.363805881683835,16.39764680897977,61.07177969614665,63.518127,65.726456
desktop-i9-9900k-rtx4070-super-2026-09-29,i9-9900K / RTX 4070 SUPER,direct-gpu,50000,7.694368140884581,7.684441315349162,7.775900769855119,129.96518774380286,137.01726,140.02605
